{
  "lora": {
    "4": {
      "0.05": 0.09121055901050568,
      "0.1": 0.09409325569868088,
      "0.2": 0.09466151148080826,
      "0.4": 0.08839301764965057,
      "0.6": 0.08641951531171799,
      "0.8": 0.08681517839431763,
      "1.0": 0.08693721890449524
    },
    "8": {
      "0.05": 0.09179862588644028,
      "0.1": 0.0947951003909111,
      "0.2": 0.09429863095283508,
      "0.4": 0.08846452832221985,
      "0.6": 0.08656611293554306,
      "0.8": 0.0843721255660057,
      "1.0": 0.08410344272851944
    },
    "16": {
      "0.05": 0.09117832779884338,
      "0.1": 0.0947147086262703,
      "0.2": 0.09632588922977448,
      "0.4": 0.08800125122070312,
      "0.6": 0.08561685681343079,
      "0.8": 0.08603601157665253,
      "1.0": 0.08591278642416
    }
  },
  "sft": {
    "0.05": 0.09568731486797333,
    "0.1": 0.09317918121814728,
    "0.2": 0.09500289708375931,
    "0.4": 0.10631881654262543,
    "0.6": 0.10860319435596466,
    "0.8": 0.12245573103427887,
    "1.0": 0.12403308600187302
  }
}